hash_family;4
hash_number;10
area_number;255
bit_mapping;20
cells_number;1048576
cell_size;1
byte_size;1048576
members;65280
collisions;167129
sparsity;0.53682804
a-priori fpp;0.00045692
fpp;0.00045438
a-priori safeness probability;0.03062086
area;members;expected cells;self-collisions;cells;expected emersion;emersion;a-priori fpp;fpp;a-priori isep;expected ise;isep;a-priori safep
1;2;11;0;11;0.53657991;0.55000001;0.00000010;0.00000010;0.00045682;0.00091365;0.00034051;0.99908656
2;4;21;0;21;0.53660035;0.52499998;0.00000020;0.00000020;0.00045662;0.00182649;0.00058470;0.99817479
3;6;32;0;36;0.53663105;0.60000002;0.00000030;0.00000034;0.00045632;0.00273792;0.00010486;0.99726522
4;8;43;0;38;0.53667200;0.47499999;0.00000040;0.00000035;0.00045592;0.00364733;0.00159072;0.99635845
5;10;54;0;45;0.53672320;0.44999999;0.00000050;0.00000042;0.00045541;0.00455413;0.00253295;0.99545521
6;12;64;0;68;0.53678459;0.56666666;0.00000060;0.00000063;0.00045481;0.00545772;0.00023346;0.99455589
7;14;75;0;69;0.53685629;0.49285713;0.00000070;0.00000064;0.00045411;0.00635749;0.00112539;0.99366122
8;16;86;0;89;0.53693819;0.55624998;0.00000080;0.00000083;0.00045330;0.00725286;0.00029606;0.99277174
9;18;97;0;91;0.53703040;0.50555557;0.00000090;0.00000084;0.00045240;0.00814324;0.00087332;0.99188799
10;20;107;0;101;0.53713286;0.50500000;0.00000100;0.00000094;0.00045140;0.00902805;0.00088319;0.99101055
11;22;118;0;126;0.53724557;0.57272726;0.00000110;0.00000117;0.00045030;0.00990669;0.00020279;0.99014002
12;24;129;0;134;0.53736854;0.55833334;0.00000120;0.00000124;0.00044911;0.01077862;0.00028245;0.98927689
13;26;140;1;130;0.53750181;0.50193048;0.00000129;0.00000120;0.00044782;0.01164324;0.00093951;0.98842168
14;28;151;1;161;0.53764534;0.57706094;0.00000139;0.00000148;0.00044643;0.01250002;0.00018314;0.98757505
15;30;161;0;165;0.53779918;0.55000001;0.00000148;0.00000151;0.00044495;0.01334838;0.00034051;0.98673737
16;32;172;0;168;0.53796333;0.52499998;0.00000158;0.00000153;0.00044337;0.01418778;0.00058470;0.98590928
17;34;183;0;179;0.53813779;0.52647060;0.00000167;0.00000163;0.00044170;0.01501769;0.00056685;0.98509127
18;36;194;0;205;0.53832257;0.56944442;0.00000176;0.00000186;0.00043993;0.01583758;0.00021892;0.98428375
19;38;205;0;200;0.53851771;0.52631581;0.00000186;0.00000181;0.00043808;0.01664693;0.00056871;0.98348725
20;40;215;0;225;0.53872317;0.56250000;0.00000195;0.00000202;0.00043613;0.01744522;0.00025691;0.98270231
21;42;226;0;210;0.53893900;0.50000000;0.00000204;0.00000188;0.00043409;0.01823196;0.00097656;0.98192936
22;44;237;0;245;0.53916520;0.55681819;0.00000212;0.00000218;0.00043197;0.01900665;0.00029229;0.98116881
23;46;248;0;255;0.53940177;0.55434781;0.00000221;0.00000226;0.00042976;0.01976881;0.00030900;0.98042113
24;48;259;0;247;0.53964871;0.51458335;0.00000230;0.00000218;0.00042746;0.02051798;0.00072635;0.97968680
25;50;270;0;288;0.53990614;0.57599998;0.00000238;0.00000253;0.00042507;0.02125370;0.00018778;0.97896612
26;52;281;0;288;0.54017395;0.55384618;0.00000247;0.00000252;0.00042261;0.02197552;0.00031250;0.97825962
27;54;292;0;322;0.54045218;0.59629631;0.00000255;0.00000280;0.00042006;0.02268302;0.00011498;0.97756767
28;56;303;0;289;0.54074091;0.51607144;0.00000263;0.00000250;0.00041742;0.02337576;0.00070439;0.97689056
29;58;314;0;327;0.54104006;0.56379312;0.00000271;0.00000281;0.00041471;0.02405335;0.00024942;0.97622877
30;60;325;0;318;0.54134977;0.52999997;0.00000279;0.00000272;0.00041192;0.02471540;0.00052599;0.97558254
31;62;336;0;342;0.54166996;0.55161291;0.00000287;0.00000290;0.00040906;0.02536151;0.00032850;0.97495234
32;64;347;1;326;0.54200065;0.51017213;0.00000294;0.00000275;0.00040611;0.02599134;0.00079512;0.97433841
33;66;358;0;358;0.54234189;0.54242426;0.00000302;0.00000300;0.00040310;0.02660452;0.00040237;0.97374105
34;68;369;0;373;0.54269373;0.54852939;0.00000309;0.00000310;0.00040001;0.02720073;0.00035180;0.97316056
35;70;380;0;389;0.54305613;0.55571431;0.00000316;0.00000322;0.00039685;0.02777964;0.00029966;0.97259730
36;72;391;0;417;0.54342914;0.57916665;0.00000323;0.00000342;0.00039362;0.02834094;0.00017422;0.97205144
37;74;402;1;380;0.54381281;0.51420838;0.00000330;0.00000309;0.00039033;0.02888436;0.00073198;0.97152334
38;76;413;0;411;0.54420710;0.54078948;0.00000336;0.00000332;0.00038697;0.02940961;0.00041698;0.97101313
39;78;425;0;448;0.54461205;0.57435900;0.00000342;0.00000359;0.00038354;0.02991644;0.00019518;0.97052103
40;80;436;1;432;0.54502773;0.54067582;0.00000349;0.00000343;0.00038006;0.03040460;0.00041802;0.97004735
41;82;447;1;440;0.54545408;0.53724056;0.00000355;0.00000347;0.00037651;0.03087388;0.00045035;0.96959221
42;84;458;0;462;0.54589123;0.55000001;0.00000361;0.00000361;0.00037291;0.03132407;0.00034051;0.96915579
43;86;470;0;465;0.54633915;0.54069769;0.00000366;0.00000360;0.00036924;0.03175496;0.00041782;0.96873826
44;88;481;1;488;0.54679781;0.55517632;0.00000372;0.00000375;0.00036553;0.03216640;0.00030330;0.96833974
45;90;492;0;508;0.54726738;0.56444442;0.00000377;0.00000386;0.00036176;0.03255821;0.00024572;0.96796042
46;92;504;0;533;0.54774773;0.57934785;0.00000382;0.00000401;0.00035794;0.03293027;0.00017347;0.96760035
47;94;515;0;522;0.54823899;0.55531913;0.00000387;0.00000389;0.00035407;0.03328246;0.00030233;0.96725959
48;96;527;2;511;0.54874116;0.53340292;0.00000392;0.00000377;0.00035015;0.03361465;0.00048913;0.96693838
49;98;538;0;542;0.54925424;0.55306125;0.00000396;0.00000396;0.00034619;0.03392678;0.00031804;0.96663660
50;100;550;1;536;0.54977828;0.53653651;0.00000400;0.00000388;0.00034219;0.03421876;0.00045725;0.96635443
51;102;561;0;591;0.55031335;0.57941175;0.00000404;0.00000423;0.00033814;0.03449055;0.00017321;0.96609181
52;104;573;0;583;0.55085945;0.56057692;0.00000408;0.00000413;0.00033406;0.03474211;0.00026843;0.96584886
53;106;584;1;589;0.55141658;0.55618507;0.00000412;0.00000412;0.00032994;0.03497342;0.00029650;0.96562552
54;108;596;1;593;0.55198479;0.54958296;0.00000416;0.00000410;0.00032578;0.03518448;0.00034368;0.96542174
55;110;608;0;618;0.55256414;0.56181818;0.00000419;0.00000423;0.00032159;0.03537531;0.00026094;0.96523762
56;112;619;1;627;0.55315471;0.56032169;0.00000422;0.00000424;0.00031737;0.03554595;0.00026999;0.96507293
57;114;631;1;635;0.55375642;0.55750656;0.00000425;0.00000424;0.00031313;0.03569644;0.00028779;0.96492779
58;116;643;0;638;0.55436933;0.55000001;0.00000427;0.00000421;0.00030885;0.03582685;0.00034051;0.96480197
59;118;655;0;662;0.55499357;0.56101698;0.00000430;0.00000431;0.00030455;0.03593728;0.00026575;0.96469551
60;120;666;0;696;0.55562901;0.57999998;0.00000432;0.00000448;0.00030023;0.03602781;0.00017080;0.96460825
61;122;678;1;665;0.55627590;0.54552913;0.00000434;0.00000422;0.00029589;0.03609858;0.00037589;0.96454006
62;124;690;3;692;0.55693412;0.55941796;0.00000436;0.00000433;0.00029153;0.03614972;0.00027559;0.96449077
63;126;702;1;722;0.55760372;0.57347101;0.00000438;0.00000446;0.00028715;0.03618138;0.00019929;0.96446031
64;128;714;1;704;0.55828482;0.55043000;0.00000439;0.00000429;0.00028276;0.03619372;0.00033727;0.96444851
65;130;726;0;729;0.55897743;0.56076926;0.00000440;0.00000438;0.00027836;0.03618694;0.00026726;0.96445513
66;132;738;1;733;0.55968153;0.55572402;0.00000441;0.00000434;0.00027395;0.03616123;0.00029959;0.96447998
67;134;750;0;717;0.56039721;0.53507465;0.00000442;0.00000419;0.00026953;0.03611680;0.00047188;0.96452296
68;136;763;1;753;0.56112450;0.55408388;0.00000443;0.00000434;0.00026510;0.03605390;0.00031084;0.96458369
69;138;775;1;811;0.56186348;0.58810735;0.00000443;0.00000460;0.00026067;0.03597276;0.00014055;0.96466208
70;140;787;2;801;0.56261414;0.57296139;0.00000443;0.00000447;0.00025624;0.03587364;0.00020168;0.96475774
71;142;799;1;845;0.56337655;0.59548980;0.00000443;0.00000464;0.00025181;0.03575682;0.00011730;0.96487057
72;144;812;0;816;0.56415075;0.56666666;0.00000443;0.00000441;0.00024738;0.03562258;0.00023346;0.96500021
73;146;824;3;836;0.56493682;0.57378173;0.00000443;0.00000444;0.00024295;0.03547122;0.00019784;0.96514636
74;148;837;3;834;0.56573474;0.56465811;0.00000442;0.00000436;0.00023853;0.03530307;0.00024451;0.96530873
75;150;849;0;869;0.56654465;0.57933331;0.00000441;0.00000447;0.00023412;0.03511844;0.00017353;0.96548706
76;152;862;1;859;0.56736648;0.56550360;0.00000440;0.00000434;0.00022972;0.03491767;0.00023981;0.96568102
77;154;874;1;842;0.56820035;0.54710853;0.00000439;0.00000418;0.00022533;0.03470112;0.00036303;0.96589029
78;156;887;3;905;0.56904632;0.58124596;0.00000438;0.00000442;0.00022096;0.03446915;0.00016580;0.96611446
79;158;900;2;903;0.56990439;0.57224333;0.00000436;0.00000433;0.00021660;0.03422213;0.00020510;0.96635324
80;160;913;3;927;0.57077467;0.58046335;0.00000434;0.00000437;0.00021225;0.03396045;0.00016893;0.96660626
81;162;925;3;929;0.57165718;0.57452071;0.00000432;0.00000429;0.00020793;0.03368449;0.00019444;0.96687311
82;164;938;1;946;0.57255197;0.57718122;0.00000430;0.00000429;0.00020363;0.03339467;0.00018262;0.96715349
83;166;951;2;968;0.57345909;0.58383596;0.00000428;0.00000431;0.00019935;0.03309139;0.00015583;0.96744692
84;168;964;1;943;0.57437861;0.56164384;0.00000426;0.00000412;0.00019509;0.03277509;0.00026198;0.96775311
85;170;977;2;953;0.57531059;0.56124854;0.00000423;0.00000408;0.00019086;0.03244617;0.00026435;0.96807158
86;172;990;3;1027;0.57625502;0.59813631;0.00000420;0.00000431;0.00018666;0.03210509;0.00010985;0.96840191
87;174;1004;0;1015;0.57721204;0.58333331;0.00000417;0.00000417;0.00018248;0.03175230;0.00015772;0.96874368
88;176;1017;1;1037;0.57818168;0.58953953;0.00000414;0.00000418;0.00017834;0.03138822;0.00013574;0.96909654
89;178;1030;5;1043;0.57916403;0.58760566;0.00000411;0.00000411;0.00017423;0.03101334;0.00014227;0.96946001
90;180;1043;2;1015;0.58015907;0.56451613;0.00000408;0.00000392;0.00017016;0.03062810;0.00024531;0.96983367
91;182;1057;0;1053;0.58116692;0.57857144;0.00000404;0.00000398;0.00016612;0.03023298;0.00017670;0.97021705
92;184;1070;0;1099;0.58218765;0.59728259;0.00000400;0.00000406;0.00016211;0.02982845;0.00011220;0.97060966
93;186;1084;3;1070;0.58322126;0.57619816;0.00000397;0.00000387;0.00015815;0.02941498;0.00018691;0.97101116
94;188;1097;1;1119;0.58426785;0.59552956;0.00000393;0.00000396;0.00015422;0.02899305;0.00011718;0.97142106
95;190;1111;0;1094;0.58532751;0.57578945;0.00000389;0.00000378;0.00015033;0.02856314;0.00018872;0.97183883
96;192;1125;2;1110;0.58640027;0.57872784;0.00000384;0.00000375;0.00014649;0.02812573;0.00017605;0.97226411
97;194;1139;2;1166;0.58748615;0.60165119;0.00000380;0.00000385;0.00014269;0.02768132;0.00010061;0.97269636
98;196;1153;2;1209;0.58858532;0.61746681;0.00000376;0.00000389;0.00013893;0.02723039;0.00006710;0.97313517
99;198;1167;2;1155;0.58969778;0.58392316;0.00000371;0.00000363;0.00013522;0.02677341;0.00015550;0.97358006
100;200;1181;5;1210;0.59082365;0.60651630;0.00000366;0.00000370;0.00013155;0.02631089;0.00008897;0.97403055
101;202;1195;2;1152;0.59196287;0.57086223;0.00000362;0.00000344;0.00012794;0.02584330;0.00021182;0.97448617
102;204;1209;1;1184;0.59311569;0.58067679;0.00000357;0.00000345;0.00012437;0.02537112;0.00016807;0.97494650
103;206;1223;3;1259;0.59428203;0.61205637;0.00000352;0.00000358;0.00012085;0.02489485;0.00007721;0.97541100
104;208;1237;5;1227;0.59546208;0.59132528;0.00000347;0.00000339;0.00011738;0.02441495;0.00012995;0.97587925
105;210;1252;1;1256;0.59665579;0.59838021;0.00000342;0.00000338;0.00011396;0.02393192;0.00010918;0.97635084
106;212;1266;3;1225;0.59786332;0.57864904;0.00000337;0.00000321;0.00011060;0.02344621;0.00017638;0.97682524
107;214;1281;3;1283;0.59908473;0.60037434;0.00000331;0.00000328;0.00010728;0.02295830;0.00010388;0.97730201
108;216;1295;2;1302;0.60032010;0.60333639;0.00000326;0.00000324;0.00010402;0.02246865;0.00009643;0.97778076
109;218;1310;2;1306;0.60156947;0.59963268;0.00000321;0.00000316;0.00010082;0.02197773;0.00010582;0.97826093
110;220;1325;3;1319;0.60283291;0.60036415;0.00000315;0.00000310;0.00009766;0.02148598;0.00010391;0.97874218
111;222;1340;1;1328;0.60411054;0.59846777;0.00000310;0.00000303;0.00009457;0.02099385;0.00010894;0.97922403
112;224;1355;1;1319;0.60540247;0.58910227;0.00000304;0.00000293;0.00009153;0.02050179;0.00013719;0.97970605
113;226;1370;2;1366;0.60670871;0.60496014;0.00000299;0.00000294;0.00008854;0.02001022;0.00009256;0.98018777
114;228;1385;1;1352;0.60802937;0.59324265;0.00000293;0.00000283;0.00008561;0.01951957;0.00012398;0.98066890
115;230;1400;4;1374;0.60936451;0.59843206;0.00000287;0.00000279;0.00008274;0.01903027;0.00010904;0.98114890
116;232;1415;1;1396;0.61071420;0.60198361;0.00000281;0.00000275;0.00007993;0.01854272;0.00009977;0.98162740
117;234;1431;4;1413;0.61207861;0.60488015;0.00000276;0.00000270;0.00007717;0.01805731;0.00009274;0.98210406
118;236;1446;7;1434;0.61345774;0.60943478;0.00000270;0.00000265;0.00007447;0.01757445;0.00008259;0.98257846
119;238;1462;3;1499;0.61485171;0.63062686;0.00000264;0.00000268;0.00007183;0.01709450;0.00004728;0.98305017
120;240;1477;2;1395;0.61626065;0.58173478;0.00000258;0.00000242;0.00006924;0.01661785;0.00016388;0.98351890
121;242;1493;2;1441;0.61768454;0.59594709;0.00000253;0.00000242;0.00006671;0.01614485;0.00011598;0.98398423
122;244;1509;3;1481;0.61912352;0.60771441;0.00000247;0.00000241;0.00006425;0.01567585;0.00008630;0.98444587
123;246;1525;4;1464;0.62057775;0.59609121;0.00000241;0.00000230;0.00006183;0.01521119;0.00011557;0.98490345
124;248;1541;3;1553;0.62204719;0.62696809;0.00000235;0.00000236;0.00005948;0.01475120;0.00005217;0.98535663
125;250;1557;4;1557;0.62353206;0.62379807;0.00000230;0.00000228;0.00005718;0.01429618;0.00005678;0.98580509
126;252;1573;3;1554;0.62503237;0.61740166;0.00000224;0.00000220;0.00005495;0.01384645;0.00006721;0.98624861
127;254;1590;3;1576;0.62654823;0.62120616;0.00000218;0.00000215;0.00005276;0.01340229;0.00006082;0.98668677
128;256;1606;2;1594;0.62807977;0.62314308;0.00000212;0.00000210;0.00005064;0.01296397;0.00005778;0.98711938
129;258;1622;2;1649;0.62962705;0.63964313;0.00000207;0.00000209;0.00004857;0.01253177;0.00003693;0.98754615
130;260;1639;4;1661;0.63119018;0.63983053;0.00000201;0.00000203;0.00004656;0.01210593;0.00003673;0.98796678
131;262;1656;4;1654;0.63276923;0.63226300;0.00000196;0.00000194;0.00004461;0.01168669;0.00004522;0.98838109
132;264;1673;5;1684;0.63436437;0.63908917;0.00000190;0.00000190;0.00004271;0.01127428;0.00003750;0.98878878
133;266;1690;2;1706;0.63597566;0.64183599;0.00000185;0.00000185;0.00004086;0.01086890;0.00003474;0.98918974
134;268;1707;4;1701;0.63760322;0.63565022;0.00000179;0.00000177;0.00003907;0.01047076;0.00004123;0.98958367
135;270;1724;1;1698;0.63924712;0.62912190;0.00000174;0.00000170;0.00003733;0.01008004;0.00004924;0.98997039
136;272;1741;2;1729;0.64090747;0.63612950;0.00000168;0.00000166;0.00003565;0.00969690;0.00004069;0.99034977
137;274;1758;2;1758;0.64258438;0.64207453;0.00000163;0.00000162;0.00003402;0.00932150;0.00003451;0.99072164
138;276;1776;6;1737;0.64427799;0.63071895;0.00000158;0.00000154;0.00003244;0.00895399;0.00004716;0.99108583
139;278;1793;4;1819;0.64598835;0.65525937;0.00000153;0.00000154;0.00003092;0.00859449;0.00002371;0.99144220
140;280;1811;3;1787;0.64771563;0.63889885;0.00000148;0.00000145;0.00002944;0.00824312;0.00003770;0.99179065
141;282;1829;2;1778;0.64945996;0.63094395;0.00000143;0.00000138;0.00002801;0.00789998;0.00004687;0.99213105
142;284;1847;4;1874;0.65122133;0.66078985;0.00000138;0.00000139;0.00002664;0.00756515;0.00002017;0.99246329
143;286;1865;2;1851;0.65300000;0.64765573;0.00000133;0.00000131;0.00002531;0.00723871;0.00002949;0.99278736
144;288;1883;4;1889;0.65479594;0.65681499;0.00000128;0.00000128;0.00002403;0.00692072;0.00002266;0.99310309
145;290;1902;3;1932;0.65660942;0.66689676;0.00000123;0.00000125;0.00002280;0.00661122;0.00001682;0.99341053
146;292;1920;3;1921;0.65844041;0.65855330;0.00000119;0.00000118;0.00002161;0.00631026;0.00002154;0.99370956
147;294;1939;3;1932;0.66028917;0.65781409;0.00000114;0.00000113;0.00002047;0.00601785;0.00002201;0.99400014
148;296;1957;2;1992;0.66215569;0.67342800;0.00000110;0.00000111;0.00001937;0.00573400;0.00001380;0.99428236
149;298;1976;3;1965;0.66404021;0.66006047;0.00000105;0.00000104;0.00001832;0.00545870;0.00002061;0.99455613
150;300;1995;6;2033;0.66594279;0.67902470;0.00000101;0.00000102;0.00001731;0.00519195;0.00001161;0.99482149
151;302;2014;1;2030;0.66786349;0.67240810;0.00000097;0.00000097;0.00001634;0.00493370;0.00001423;0.99507838
152;304;2033;5;1959;0.66980255;0.64546955;0.00000093;0.00000089;0.00001541;0.00468393;0.00003137;0.99532700
153;306;2053;6;2080;0.67176008;0.68107402;0.00000089;0.00000090;0.00001452;0.00444258;0.00001089;0.99556726
154;308;2072;4;2040;0.67373616;0.66319895;0.00000085;0.00000083;0.00001367;0.00420960;0.00001878;0.99579924
155;310;2092;6;2134;0.67573094;0.68972206;0.00000081;0.00000082;0.00001285;0.00398490;0.00000827;0.99602300
156;312;2111;7;2160;0.67774451;0.69386446;0.00000078;0.00000079;0.00001208;0.00376841;0.00000723;0.99623865
157;314;2131;4;2131;0.67977709;0.67952806;0.00000074;0.00000073;0.00001134;0.00356003;0.00001143;0.99644625
158;316;2151;5;2185;0.68182880;0.69255149;0.00000071;0.00000071;0.00001063;0.00335967;0.00000755;0.99664593
159;318;2172;6;2204;0.68389970;0.69439191;0.00000067;0.00000068;0.00000996;0.00316721;0.00000711;0.99683779
160;320;2192;4;2176;0.68598998;0.68085104;0.00000064;0.00000063;0.00000932;0.00298253;0.00001096;0.99702191
161;322;2212;4;2217;0.68809974;0.68936568;0.00000061;0.00000060;0.00000871;0.00280552;0.00000837;0.99719840
162;324;2233;7;2270;0.69022924;0.70213425;0.00000058;0.00000058;0.00000814;0.00263602;0.00000550;0.99736744
163;326;2254;7;2201;0.69237846;0.67660624;0.00000055;0.00000053;0.00000759;0.00247392;0.00001251;0.99752915
164;328;2275;3;2316;0.69454765;0.70674396;0.00000052;0.00000052;0.00000707;0.00231904;0.00000470;0.99768364
165;330;2296;8;2292;0.69673693;0.69623327;0.00000049;0.00000048;0.00000658;0.00217125;0.00000669;0.99783111
166;332;2317;4;2321;0.69894642;0.69993967;0.00000046;0.00000046;0.00000612;0.00203037;0.00000592;0.99797165
167;334;2338;3;2326;0.70117635;0.69703329;0.00000044;0.00000043;0.00000568;0.00189625;0.00000652;0.99810553
168;336;2360;9;2337;0.70342672;0.69740379;0.00000041;0.00000041;0.00000526;0.00176872;0.00000644;0.99823284
169;338;2381;8;2371;0.70569783;0.70314354;0.00000039;0.00000038;0.00000487;0.00164760;0.00000531;0.99835378
170;340;2403;9;2401;0.70798975;0.70805073;0.00000037;0.00000036;0.00000451;0.00153271;0.00000450;0.99846846
171;342;2425;9;2451;0.71030271;0.71855760;0.00000034;0.00000034;0.00000416;0.00142387;0.00000312;0.99857712
172;344;2447;9;2399;0.71263677;0.69921303;0.00000032;0.00000031;0.00000384;0.00132090;0.00000606;0.99868000
173;346;2470;7;2511;0.71499217;0.72719377;0.00000030;0.00000031;0.00000354;0.00122361;0.00000228;0.99877715
174;348;2492;2;2485;0.71736902;0.71449107;0.00000028;0.00000028;0.00000325;0.00113182;0.00000360;0.99886882
175;350;2515;2;2503;0.71976751;0.71555173;0.00000027;0.00000026;0.00000299;0.00104533;0.00000347;0.99895519
176;352;2538;4;2544;0.72218776;0.72354949;0.00000025;0.00000025;0.00000274;0.00096395;0.00000261;0.99903649
177;354;2561;5;2518;0.72463000;0.71230555;0.00000023;0.00000023;0.00000251;0.00088750;0.00000388;0.99911290
178;356;2584;8;2560;0.72709435;0.72072071;0.00000022;0.00000021;0.00000229;0.00081578;0.00000289;0.99918455
179;358;2607;5;2599;0.72958100;0.72699302;0.00000020;0.00000020;0.00000209;0.00074861;0.00000230;0.99925166
180;360;2631;5;2671;0.73209012;0.74297637;0.00000019;0.00000019;0.00000190;0.00068579;0.00000126;0.99931443
181;362;2655;4;2664;0.73462188;0.73672569;0.00000017;0.00000017;0.00000173;0.00062713;0.00000160;0.99937308
182;364;2679;8;2639;0.73717648;0.72659689;0.00000016;0.00000016;0.00000157;0.00057246;0.00000233;0.99942768
183;366;2703;7;2728;0.73975402;0.74678349;0.00000015;0.00000015;0.00000143;0.00052158;0.00000108;0.99947858
184;368;2727;5;2752;0.74235481;0.74884355;0.00000014;0.00000014;0.00000129;0.00047432;0.00000100;0.99952579
185;370;2752;5;2783;0.74497890;0.75317997;0.00000013;0.00000013;0.00000116;0.00043049;0.00000084;0.99956959
186;372;2776;4;2793;0.74762654;0.75161463;0.00000012;0.00000011;0.00000105;0.00038992;0.00000089;0.99961013
187;374;2801;9;2770;0.75029784;0.74242830;0.00000011;0.00000010;0.00000094;0.00035245;0.00000129;0.99964762
188;376;2826;8;2801;0.75299311;0.74653518;0.00000010;0.00000010;0.00000085;0.00031789;0.00000109;0.99968219
189;378;2851;5;2888;0.75571251;0.76503313;0.00000009;0.00000009;0.00000076;0.00028609;0.00000051;0.99971396
190;380;2877;4;2890;0.75845611;0.76132768;0.00000008;0.00000008;0.00000068;0.00025689;0.00000060;0.99974316
191;382;2903;6;2913;0.76122427;0.76376510;0.00000007;0.00000007;0.00000060;0.00023013;0.00000054;0.99976993
192;384;2928;8;2895;0.76401705;0.75548017;0.00000007;0.00000007;0.00000054;0.00020565;0.00000076;0.99979436
193;386;2955;8;2932;0.76683474;0.76116306;0.00000006;0.00000006;0.00000047;0.00018333;0.00000060;0.99981672
194;388;2981;7;2932;0.76967746;0.75703591;0.00000005;0.00000005;0.00000042;0.00016300;0.00000072;0.99983698
195;390;3007;12;3008;0.77254546;0.77366257;0.00000005;0.00000005;0.00000037;0.00014455;0.00000035;0.99985546
196;392;3034;5;3055;0.77543896;0.78033203;0.00000004;0.00000004;0.00000033;0.00012783;0.00000026;0.99987221
197;394;3061;8;3047;0.77835816;0.77492368;0.00000004;0.00000004;0.00000029;0.00011272;0.00000033;0.99988729
198;396;3088;8;3102;0.78130323;0.78491902;0.00000004;0.00000004;0.00000025;0.00009911;0.00000021;0.99990088
199;398;3115;9;3096;0.78427440;0.77965248;0.00000003;0.00000003;0.00000022;0.00008688;0.00000027;0.99991316
200;400;3143;10;3131;0.78727186;0.78471178;0.00000003;0.00000003;0.00000019;0.00007591;0.00000021;0.99992406
201;402;3171;12;3175;0.79029590;0.79216570;0.00000003;0.00000003;0.00000016;0.00006611;0.00000015;0.99993390
202;404;3199;11;3238;0.79334664;0.80367339;0.00000002;0.00000002;0.00000014;0.00005739;0.00000009;0.99994260
203;406;3227;6;3209;0.79642439;0.79156387;0.00000002;0.00000002;0.00000012;0.00004963;0.00000015;0.99995035
204;408;3256;13;3266;0.79952931;0.80304891;0.00000002;0.00000002;0.00000010;0.00004277;0.00000009;0.99995720
205;410;3284;5;3283;0.80266166;0.80170941;0.00000002;0.00000002;0.00000009;0.00003672;0.00000009;0.99996328
206;412;3313;6;3320;0.80582160;0.80700046;0.00000001;0.00000001;0.00000008;0.00003140;0.00000007;0.99996859
207;414;3343;7;3308;0.80900943;0.80038714;0.00000001;0.00000001;0.00000006;0.00002674;0.00000010;0.99997324
208;416;3372;3;3357;0.81222540;0.80755353;0.00000001;0.00000001;0.00000005;0.00002267;0.00000007;0.99997735
209;418;3402;4;3416;0.81546968;0.81800765;0.00000001;0.00000001;0.00000005;0.00001914;0.00000004;0.99998087
210;420;3432;7;3448;0.81874251;0.82232291;0.00000001;0.00000001;0.00000004;0.00001608;0.00000003;0.99998391
211;422;3462;7;3447;0.82204419;0.81818181;0.00000001;0.00000001;0.00000003;0.00001344;0.00000004;0.99998653
212;424;3493;9;3507;0.82537496;0.82888204;0.00000001;0.00000001;0.00000003;0.00001118;0.00000002;0.99998879
213;426;3523;8;3527;0.82873499;0.82949203;0.00000000;0.00000000;0.00000002;0.00000925;0.00000002;0.99999076
214;428;3554;16;3559;0.83212459;0.83466232;0.00000000;0.00000000;0.00000002;0.00000761;0.00000002;0.99999237
215;430;3585;10;3551;0.83554393;0.82773894;0.00000000;0.00000000;0.00000001;0.00000622;0.00000002;0.99999380
216;432;3617;5;3603;0.83899337;0.83499420;0.00000000;0.00000000;0.00000001;0.00000506;0.00000001;0.99999493
217;434;3649;13;3631;0.84247315;0.83914953;0.00000000;0.00000000;0.00000001;0.00000408;0.00000001;0.99999589
218;436;3681;7;3657;0.84598345;0.84011024;0.00000000;0.00000000;0.00000001;0.00000327;0.00000001;0.99999672
219;438;3713;7;3706;0.84952462;0.84747314;0.00000000;0.00000000;0.00000001;0.00000261;0.00000001;0.99999738
220;440;3746;8;3756;0.85309684;0.85519123;0.00000000;0.00000000;0.00000000;0.00000206;0.00000000;0.99999791
221;442;3779;16;3773;0.85670042;0.85672116;0.00000000;0.00000000;0.00000000;0.00000161;0.00000000;0.99999839
222;444;3812;7;3751;0.86033565;0.84615386;0.00000000;0.00000000;0.00000000;0.00000125;0.00000001;0.99999875
223;446;3845;7;3820;0.86400282;0.85784864;0.00000000;0.00000000;0.00000000;0.00000097;0.00000000;0.99999905
224;448;3879;4;3859;0.86770213;0.86215371;0.00000000;0.00000000;0.00000000;0.00000074;0.00000000;0.99999928
225;450;3913;10;3930;0.87143391;0.87527841;0.00000000;0.00000000;0.00000000;0.00000056;0.00000000;0.99999946
226;452;3947;18;3955;0.87519842;0.87849844;0.00000000;0.00000000;0.00000000;0.00000041;0.00000000;0.99999958
227;454;3982;7;3999;0.87899595;0.88219720;0.00000000;0.00000000;0.00000000;0.00000031;0.00000000;0.99999970
228;456;4017;11;4058;0.88282681;0.89206421;0.00000000;0.00000000;0.00000000;0.00000022;0.00000000;0.99999976
229;458;4052;15;4012;0.88669127;0.87886089;0.00000000;0.00000000;0.00000000;0.00000016;0.00000000;0.99999982
230;460;4088;10;4078;0.89058965;0.88845319;0.00000000;0.00000000;0.00000000;0.00000011;0.00000000;0.99999988
231;462;4124;8;4152;0.89452225;0.90026021;0.00000000;0.00000000;0.00000000;0.00000008;0.00000000;0.99999994
232;464;4160;8;4152;0.89848930;0.89637303;0.00000000;0.00000000;0.00000000;0.00000005;0.00000000;0.99999994
233;466;4196;6;4198;0.90249121;0.90201974;0.00000000;0.00000000;0.00000000;0.00000004;0.00000000;0.99999994
234;468;4233;18;4182;0.90652823;0.89703989;0.00000000;0.00000000;0.00000000;0.00000002;0.00000000;1.00000000
235;470;4270;15;4238;0.91060060;0.90458912;0.00000000;0.00000000;0.00000000;0.00000002;0.00000000;1.00000000
236;472;4308;12;4295;0.91470879;0.91227698;0.00000000;0.00000000;0.00000000;0.00000001;0.00000000;1.00000000
237;474;4346;10;4316;0.91885304;0.91247356;0.00000000;0.00000000;0.00000000;0.00000001;0.00000000;1.00000000
238;476;4384;11;4406;0.92303365;0.92777425;0.00000000;0.00000000;0.00000000;0.00000000;0.00000000;1.00000000
239;478;4422;16;4423;0.92725092;0.92842150;0.00000000;0.00000000;0.00000000;0.00000000;0.00000000;1.00000000
240;480;4461;9;4438;0.93150532;0.92632020;0.00000000;0.00000000;0.00000000;0.00000000;0.00000000;1.00000000
241;482;4500;8;4511;0.93579704;0.93744802;0.00000000;0.00000000;0.00000000;0.00000000;0.00000000;1.00000000
242;484;4540;12;4532;0.94012642;0.93869096;0.00000000;0.00000000;0.00000000;0.00000000;0.00000000;1.00000000
243;486;4580;10;4583;0.94449389;0.94494843;0.00000000;0.00000000;0.00000000;0.00000000;0.00000000;1.00000000
244;488;4620;12;4611;0.94889975;0.94720626;0.00000000;0.00000000;0.00000000;0.00000000;0.00000000;1.00000000
245;490;4660;9;4671;0.95334435;0.95501941;0.00000000;0.00000000;0.00000000;0.00000000;0.00000000;1.00000000
246;492;4701;9;4710;0.95782804;0.95907146;0.00000000;0.00000000;0.00000000;0.00000000;0.00000000;1.00000000
247;494;4743;10;4742;0.96235114;0.96186614;0.00000000;0.00000000;0.00000000;0.00000000;0.00000000;1.00000000
248;496;4785;16;4772;0.96691406;0.96521038;0.00000000;0.00000000;0.00000000;0.00000000;0.00000000;1.00000000
249;498;4827;15;4847;0.97151715;0.97623366;0.00000000;0.00000000;0.00000000;0.00000000;0.00000000;1.00000000
250;500;4869;14;4853;0.97616076;0.97332531;0.00000000;0.00000000;0.00000000;0.00000000;0.00000000;1.00000000
251;502;4912;19;4888;0.98084533;0.97740453;0.00000000;0.00000000;0.00000000;0.00000000;0.00000000;1.00000000
252;504;4955;9;4962;0.98557109;0.98628503;0.00000000;0.00000000;0.00000000;0.00000000;0.00000000;1.00000000
253;506;4999;12;4996;0.99033856;0.98969889;0.00000000;0.00000000;0.00000000;0.00000000;0.00000000;1.00000000
254;508;5043;14;5042;0.99514806;0.99526256;0.00000000;0.00000000;0.00000000;0.00000000;0.00000000;1.00000000
255;510;5088;8;5092;1.00000000;1.00000000;0.00000000;0.00000000;0.00000000;0.00000000;0.00000000;1.00000000
